{
  "dataset": {
    "rows": 4993,
    "test_rows": 999,
    "split": "train_test_split(test_size=0.2, random_state=42)",
    "label_mapping": {
      "ข่าวปลอม": 0,
      "ข่าวจริง": 1
    }
  },
  "models": {
    "Stacking Ensemble": {
      "accuracy": 0.8518518518518519,
      "precision_weighted": 0.8512557981406504,
      "recall_weighted": 0.8518518518518519,
      "f1_weighted": 0.8513273016272555,
      "roc_auc": 0.9231689125561473,
      "confusion_matrix": [
        [
          531,
          66
        ],
        [
          82,
          320
        ]
      ],
      "roc_curve": {
        "fpr": [
          0.0,
          0.0,
          0.0,
          0.0,
          0.0,
          0.0016750418760469012,
          0.0016750418760469012,
          0.0033500837520938024,
          0.0033500837520938024,
          0.005025125628140704,
          0.005025125628140704,
          0.008375209380234505,
          0.008375209380234505,
          0.011725293132328308,
          0.011725293132328308,
          0.01340033500837521,
          0.01340033500837521,
          0.01507537688442211,
          0.01507537688442211,
          0.01675041876046901,
          0.01675041876046901,
          0.018425460636515914,
          0.018425460636515914,
          0.020100502512562814,
          0.020100502512562814,
          0.021775544388609715,
          0.021775544388609715,
          0.023450586264656615,
          0.023450586264656615,
          0.023450586264656615,
          0.023450586264656615,
          0.02512562814070352,
          0.02512562814070352,
          0.02680067001675042,
          0.02680067001675042,
          0.02847571189279732,
          0.02847571189279732,
          0.03015075376884422,
          0.03015075376884422,
          0.031825795644891124,
          0.031825795644891124,
          0.03350083752093802,
          0.03350083752093802,
          0.035175879396984924,
          0.035175879396984924,
          0.03685092127303183,
          0.03685092127303183,
          0.038525963149078725,
          0.038525963149078725,
          0.04020100502512563,
          0.04020100502512563,
          0.04187604690117253,
          0.04187604690117253,
          0.04355108877721943,
          0.04355108877721943,
          0.04690117252931323,
          0.04690117252931323,
          0.051926298157453935,
          0.051926298157453935,
          0.05527638190954774,
          0.05695142378559464,
          0.05695142378559464,
          0.05862646566164154,
          0.05862646566164154,
          0.06030150753768844,
          0.06030150753768844,
          0.06197654941373534,
          0.06197654941373534,
          0.06365159128978225,
          0.06365159128978225,
          0.06532663316582915,
          0.06532663316582915,
          0.07035175879396985,
          0.07035175879396985,
          0.07202680067001675,
          0.07202680067001675,
          0.07537688442211055,
          0.07537688442211055,
          0.07872696817420435,
          0.07872696817420435,
          0.08040201005025126,
          0.08040201005025126,
          0.08375209380234507,
          0.08375209380234507,
          0.09045226130653267,
          0.09045226130653267,
          0.09212730318257957,
          0.09212730318257957,
          0.09380234505862646,
          0.09380234505862646,
          0.09715242881072027,
          0.09715242881072027,
          0.10050251256281408,
          0.10050251256281408,
          0.10217755443886097,
          0.10217755443886097,
          0.11055276381909548,
          0.11055276381909548,
          0.11390284757118928,
          0.11390284757118928,
          0.11557788944723618,
          0.11557788944723618,
          0.11892797319932999,
          0.11892797319932999,
          0.12562814070351758,
          0.12562814070351758,
          0.1306532663316583,
          0.1306532663316583,
          0.1323283082077052,
          0.1323283082077052,
          0.13400335008375208,
          0.13400335008375208,
          0.135678391959799,
          0.135678391959799,
          0.1373534338358459,
          0.1373534338358459,
          0.1390284757118928,
          0.1390284757118928,
          0.1423785594639866,
          0.1423785594639866,
          0.1457286432160804,
          0.1457286432160804,
          0.1490787269681742,
          0.1490787269681742,
          0.1507537688442211,
          0.1507537688442211,
          0.152428810720268,
          0.152428810720268,
          0.1541038525963149,
          0.1574539363484087,
          0.1624790619765494,
          0.1624790619765494,
          0.16415410385259632,
          0.16415410385259632,
          0.1658291457286432,
          0.1658291457286432,
          0.17755443886097153,
          0.17755443886097153,
          0.18592964824120603,
          0.18592964824120603,
          0.18760469011725292,
          0.18760469011725292,
          0.18927973199329984,
          0.18927973199329984,
          0.19262981574539365,
          0.19262981574539365,
          0.21105527638190955,
          0.21105527638190955,
          0.21775544388609716,
          0.21775544388609716,
          0.23115577889447236,
          0.23115577889447236,
          0.24120603015075376,
          0.24120603015075376,
          0.24455611390284757,
          0.24455611390284757,
          0.25125628140703515,
          0.25125628140703515,
          0.2629815745393635,
          0.2629815745393635,
          0.2696817420435511,
          0.2696817420435511,
          0.2797319932998325,
          0.2797319932998325,
          0.2914572864321608,
          0.2914572864321608,
          0.2981574539363484,
          0.2981574539363484,
          0.3015075376884422,
          0.3015075376884422,
          0.304857621440536,
          0.304857621440536,
          0.3098827470686767,
          0.3098827470686767,
          0.31993299832495814,
          0.3232830820770519,
          0.34673366834170855,
          0.34673366834170855,
          0.3500837520938023,
          0.3500837520938023,
          0.37018425460636517,
          0.37018425460636517,
          0.37185929648241206,
          0.37185929648241206,
          0.37520938023450584,
          0.37520938023450584,
          0.38860971524288107,
          0.38860971524288107,
          0.3953098827470687,
          0.39865996649916247,
          0.4053601340033501,
          0.4053601340033501,
          0.4137353433835846,
          0.4137353433835846,
          0.45896147403685095,
          0.45896147403685095,
          0.474036850921273,
          0.474036850921273,
          0.49581239530988275,
          0.49581239530988275,
          0.5008375209380235,
          0.5008375209380235,
          0.5360134003350083,
          0.5360134003350083,
          0.541038525963149,
          0.5443886097152428,
          0.559463986599665,
          0.559463986599665,
          0.5845896147403685,
          0.5879396984924623,
          0.5896147403685092,
          0.5896147403685092,
          0.5963149078726968,
          0.5996649916247906,
          0.6013400335008375,
          0.6046901172529313,
          0.6147403685092128,
          0.6147403685092128,
          0.6381909547738693,
          0.6415410385259631,
          0.6515912897822446,
          0.6549413735343383,
          0.6599664991624791,
          0.6800670016750419,
          0.6800670016750419,
          0.7386934673366834,
          0.7386934673366834,
          0.7470686767169179,
          0.7470686767169179,
          0.7587939698492462,
          0.7587939698492462,
          0.7654941373534339,
          0.7688442211055276,
          0.7755443886097152,
          0.7755443886097152,
          0.7956448911222781,
          0.7956448911222781,
          0.8023450586264657,
          0.8056951423785594,
          0.8257956448911222,
          0.8291457286432161,
          0.8777219430485762,
          0.8777219430485762,
